-- phpMyAdmin SQL Dump
-- version 5.0.2
-- https://www.phpmyadmin.net/
--
-- Host: 127.0.0.1
-- Generation Time: Aug 10, 2020 at 04:28 PM
-- Server version: 10.4.13-MariaDB
-- PHP Version: 7.4.8

SET SQL_MODE = "NO_AUTO_VALUE_ON_ZERO";
START TRANSACTION;


/*!40101 SET @OLD_CHARACTER_SET_CLIENT=@@CHARACTER_SET_CLIENT */;
/*!40101 SET @OLD_CHARACTER_SET_RESULTS=@@CHARACTER_SET_RESULTS */;
/*!40101 SET @OLD_COLLATION_CONNECTION=@@COLLATION_CONNECTION */;
/*!40101 SET NAMES utf8mb4 */;

--
-- Database: `bond_new`
--

--
-- Dumping data for table `audit`
--

INSERT INTO `audit` (`audit_id`, `username`, `TS`, `details`, `machine_name`, `ip`) VALUES
(1, 'david06', '2020-07-23 00:00:00', 'bond', 'pc', '192.168.0.1'),
(3, 'david06', '0000-00-00 00:00:00', 'user logged in', 'DESKTOP-0HGIVFC', '192.168.0.107'),
(4, 'admin', '2020-07-28 20:20:16', 'User created', NULL, NULL),
(22, 'david06', '0000-00-00 00:00:00', 'user logged in', 'DESKTOP-0HGIVFC', '192.168.0.107'),
(23, 'david06', '0000-00-00 00:00:00', 'user logged in', 'DESKTOP-0HGIVFC', '192.168.0.107'),
(24, 'david06', '0000-00-00 00:00:00', 'user logged in', 'DESKTOP-0HGIVFC', '192.168.0.107'),
(25, 'david06', '0000-00-00 00:00:00', 'user logged in', 'DESKTOP-0HGIVFC', '192.168.0.107'),
(26, 'david06', '0000-00-00 00:00:00', 'bond', 'DESKTOP-0HGIVFC', '192.168.0.107'),
(27, 'david06', '0000-00-00 00:00:00', 'user logged in', 'DESKTOP-0HGIVFC', '192.168.0.107'),
(28, 'david06', '0000-00-00 00:00:00', 'bond', 'DESKTOP-0HGIVFC', '192.168.0.107'),
(30, 'david06', '0000-00-00 00:00:00', 'user logged in', 'DESKTOP-0HGIVFC', '192.168.0.107'),
(31, 'david06', '0000-00-00 00:00:00', 'user logged in', 'DESKTOP-0HGIVFC', '192.168.0.107'),
(32, 'david06', '0000-00-00 00:00:00', 'user logged in', 'DESKTOP-0HGIVFC', '192.168.0.107'),
(33, 'david06', '0000-00-00 00:00:00', 'user logged in', 'DESKTOP-0HGIVFC', '192.168.0.107'),
(34, 'david06', '0000-00-00 00:00:00', 'bond', 'DESKTOP-0HGIVFC', '192.168.0.107'),
(35, 'Costy', '0000-00-00 00:00:00', 'user logged in', 'DESKTOP-0HGIVFC', '192.168.0.107'),
(36, 'david06', '0000-00-00 00:00:00', 'user logged in', 'DESKTOP-0HGIVFC', '192.168.0.107'),
(37, 'david06', '0000-00-00 00:00:00', 'user logged in', 'DESKTOP-0HGIVFC', '192.168.0.107'),
(38, 'david06', '0000-00-00 00:00:00', 'user logged in', 'DESKTOP-0HGIVFC', '192.168.0.107'),
(39, 'david06', '0000-00-00 00:00:00', 'user logged in', 'DESKTOP-0HGIVFC', '192.168.0.107'),
(40, 'david06', '2020-07-28 19:33:36', 'user logged in', 'DESKTOP-0HGIVFC', '192.168.0.107'),
(41, 'david06', '2020-07-28 19:59:51', 'user logged in', 'DESKTOP-0HGIVFC', '192.168.0.107'),
(42, 'david06', '2020-07-28 21:55:09', 'user logged in', 'DESKTOP-0HGIVFC', '192.168.0.107'),
(43, 'david06', '2020-07-29 14:05:58', 'user logged in', 'DESKTOP-0HGIVFC', '192.168.0.107'),
(44, 'admin', '2020-07-29 14:12:01', 'user logged in', 'DESKTOP-0HGIVFC', '192.168.0.107'),
(45, 'david06', '2020-07-29 14:12:17', 'user logged in', 'DESKTOP-0HGIVFC', '192.168.0.107'),
(46, 'david06', '2020-07-29 14:32:40', 'user logged in', 'DESKTOP-0HGIVFC', '192.168.0.107'),
(47, 'david06', '2020-07-29 14:39:12', 'user logged in', 'DESKTOP-0HGIVFC', '192.168.0.107'),
(48, 'david06', '2020-07-29 15:46:53', 'user logged in', 'DESKTOP-0HGIVFC', '192.168.0.107'),
(49, 'david06', '2020-07-29 15:46:54', 'bond', 'DESKTOP-0HGIVFC', '192.168.0.107'),
(50, 'david06', '2020-07-29 21:42:10', 'user logged in', 'DESKTOP-0HGIVFC', '192.168.0.107'),
(51, 'david06', '2020-07-29 21:42:11', 'bond', 'DESKTOP-0HGIVFC', '192.168.0.107'),
(52, 'david06', '2020-07-30 12:40:58', 'user logged in', 'DESKTOP-0HGIVFC', '192.168.0.107'),
(53, 'david06', '2020-07-30 12:47:38', 'user logged in', 'DESKTOP-0HGIVFC', '192.168.0.107'),
(54, 'david06', '2020-07-30 14:35:45', 'user logged in', 'DESKTOP-0HGIVFC', '192.168.0.107'),
(55, 'david06', '2020-07-30 14:40:35', 'user logged in', 'DESKTOP-0HGIVFC', '192.168.0.107'),
(56, 'david06', '2020-07-30 14:41:10', 'user logged in', 'DESKTOP-0HGIVFC', '192.168.0.107'),
(57, 'david06', '2020-07-30 14:50:54', 'user logged in', 'DESKTOP-0HGIVFC', '192.168.0.107'),
(58, 'admin', '2020-07-30 15:10:50', 'user logged in', 'DESKTOP-0HGIVFC', '192.168.0.107'),
(59, 'admin', '2020-07-30 15:16:41', 'user logged in', 'DESKTOP-0HGIVFC', '192.168.0.107'),
(60, 'admin', '2020-07-30 15:17:58', 'user logged in', 'DESKTOP-0HGIVFC', '192.168.0.107'),
(61, 'admin', '2020-07-30 16:20:42', 'user logged in', 'DESKTOP-0HGIVFC', '192.168.0.107'),
(62, NULL, '2020-07-30 16:21:00', 'bond', 'DESKTOP-0HGIVFC', '192.168.0.107'),
(63, 'admin', '2020-07-30 16:21:36', 'user logged in', 'DESKTOP-0HGIVFC', '192.168.0.107'),
(64, 'admin', '2020-07-30 16:21:54', 'bond', 'DESKTOP-0HGIVFC', '192.168.0.107'),
(65, 'david06', '2020-07-30 16:23:53', 'user logged in', 'DESKTOP-0HGIVFC', '192.168.0.107'),
(66, 'david06', '2020-07-30 16:24:09', 'bond', 'DESKTOP-0HGIVFC', '192.168.0.107'),
(67, 'david06', '2020-07-30 16:26:49', 'user logged in', 'DESKTOP-0HGIVFC', '192.168.0.107'),
(68, 'david06', '2020-07-30 16:27:07', 'bond', 'DESKTOP-0HGIVFC', '192.168.0.107'),
(69, 'david06', '2020-07-30 16:27:50', 'bond', 'DESKTOP-0HGIVFC', '192.168.0.107'),
(70, 'david06', '2020-07-30 16:28:49', 'bond', 'DESKTOP-0HGIVFC', '192.168.0.107'),
(71, 'Costy', '2020-07-30 16:30:44', 'user logged in', 'DESKTOP-0HGIVFC', '192.168.0.107'),
(72, 'Costy', '2020-07-30 16:31:02', 'bond', 'DESKTOP-0HGIVFC', '192.168.0.107'),
(73, 'Costy', '2020-07-30 16:31:21', 'bond', 'DESKTOP-0HGIVFC', '192.168.0.107'),
(74, 'david06', '2020-07-30 16:42:50', 'user logged in', 'DESKTOP-0HGIVFC', '192.168.0.107'),
(75, 'david06', '2020-07-30 16:43:16', 'bond', 'DESKTOP-0HGIVFC', '192.168.0.107'),
(76, 'admin', '2020-08-01 17:22:48', 'user logged in', 'DESKTOP-0HGIVFC', '192.168.0.107'),
(77, 'admin', '2020-08-01 21:56:49', 'user logged in', 'DESKTOP-0HGIVFC', '192.168.0.107'),
(78, 'admin', '2020-08-01 21:57:06', 'bond', 'DESKTOP-0HGIVFC', '192.168.0.107'),
(79, 'admin', '2020-08-01 21:57:07', 'bond', 'DESKTOP-0HGIVFC', '192.168.0.107'),
(80, 'admin', '2020-08-01 22:27:31', 'user logged in', 'DESKTOP-0HGIVFC', '192.168.0.107'),
(81, 'admin', '2020-08-01 22:27:44', 'bond', 'DESKTOP-0HGIVFC', '192.168.0.107'),
(83, 'admin', '2020-08-01 22:30:24', 'user logged in', 'DESKTOP-0HGIVFC', '192.168.0.107'),
(84, 'admin', '2020-08-01 22:30:39', 'bond', 'DESKTOP-0HGIVFC', '192.168.0.107'),
(86, 'admin', '2020-08-01 22:31:12', 'bond', 'DESKTOP-0HGIVFC', '192.168.0.107'),
(87, 'admin', '2020-08-01 22:35:28', 'user logged in', 'DESKTOP-0HGIVFC', '192.168.0.107'),
(88, 'admin', '2020-08-01 22:35:41', 'bond', 'DESKTOP-0HGIVFC', '192.168.0.107'),
(89, 'admin', '2020-08-01 22:35:56', 'bond', 'DESKTOP-0HGIVFC', '192.168.0.107'),
(90, 'admin', '2020-08-01 22:36:51', 'user logged in', 'DESKTOP-0HGIVFC', '192.168.0.107'),
(91, 'admin', '2020-08-01 22:37:04', 'bond', 'DESKTOP-0HGIVFC', '192.168.0.107'),
(92, 'admin', '2020-08-01 22:37:48', 'bond', 'DESKTOP-0HGIVFC', '192.168.0.107'),
(93, 'admin', '2020-08-01 22:41:28', 'user logged in', 'DESKTOP-0HGIVFC', '192.168.0.107'),
(94, 'admin', '2020-08-01 22:41:42', 'bond', 'DESKTOP-0HGIVFC', '192.168.0.107'),
(95, 'admin', '2020-08-01 22:42:32', 'bond', 'DESKTOP-0HGIVFC', '192.168.0.107'),
(96, 'admin', '2020-08-01 22:43:09', 'user logged in', 'DESKTOP-0HGIVFC', '192.168.0.107'),
(97, 'admin', '2020-08-01 22:43:24', 'bond', 'DESKTOP-0HGIVFC', '192.168.0.107'),
(98, 'admin', '2020-08-02 12:22:16', 'user logged in', 'DESKTOP-0HGIVFC', '192.168.0.107'),
(99, 'admin', '2020-08-02 12:22:41', 'bond', 'DESKTOP-0HGIVFC', '192.168.0.107'),
(100, 'admin', '2020-08-02 12:25:21', 'user logged in', 'DESKTOP-0HGIVFC', '192.168.0.107'),
(101, 'admin', '2020-08-02 12:25:39', 'bond', 'DESKTOP-0HGIVFC', '192.168.0.107'),
(102, 'admin', '2020-08-02 12:33:39', 'user logged in', 'DESKTOP-0HGIVFC', '192.168.0.107'),
(103, 'admin', '2020-08-02 12:34:00', 'bond', 'DESKTOP-0HGIVFC', '192.168.0.107'),
(104, 'admin', '2020-08-02 12:40:04', 'user logged in', 'DESKTOP-0HGIVFC', '192.168.0.107'),
(105, 'admin', '2020-08-02 12:40:21', 'bond', 'DESKTOP-0HGIVFC', '192.168.0.107'),
(106, 'admin', '2020-08-02 12:42:41', 'user logged in', 'DESKTOP-0HGIVFC', '192.168.0.107'),
(107, 'admin', '2020-08-02 12:42:55', 'bond', 'DESKTOP-0HGIVFC', '192.168.0.107'),
(108, 'admin', '2020-08-02 12:44:10', 'user logged in', 'DESKTOP-0HGIVFC', '192.168.0.107'),
(109, 'admin', '2020-08-02 12:44:25', 'bond', 'DESKTOP-0HGIVFC', '192.168.0.107'),
(110, 'admin', '2020-08-02 12:45:50', 'user logged in', 'DESKTOP-0HGIVFC', '192.168.0.107'),
(111, 'admin', '2020-08-02 12:46:06', 'bond', 'DESKTOP-0HGIVFC', '192.168.0.107'),
(112, 'admin', '2020-08-02 12:47:43', 'user logged in', 'DESKTOP-0HGIVFC', '192.168.0.107'),
(113, 'admin', '2020-08-02 12:47:56', 'bond', 'DESKTOP-0HGIVFC', '192.168.0.107'),
(114, 'admin', '2020-08-02 12:51:01', 'user logged in', 'DESKTOP-0HGIVFC', '192.168.0.107'),
(115, 'admin', '2020-08-02 12:51:15', 'bond', 'DESKTOP-0HGIVFC', '192.168.0.107'),
(116, 'admin', '2020-08-02 12:57:54', 'user logged in', 'DESKTOP-0HGIVFC', '192.168.0.107'),
(117, 'admin', '2020-08-02 12:58:08', 'bond', 'DESKTOP-0HGIVFC', '192.168.0.107'),
(118, 'admin', '2020-08-02 13:48:10', 'user logged in', 'DESKTOP-0HGIVFC', '192.168.0.107'),
(119, 'admin', '2020-08-02 13:48:26', 'bond', 'DESKTOP-0HGIVFC', '192.168.0.107'),
(120, 'admin', '2020-08-02 13:49:51', 'user logged in', 'DESKTOP-0HGIVFC', '192.168.0.107'),
(121, 'admin', '2020-08-02 13:50:04', 'bond', 'DESKTOP-0HGIVFC', '192.168.0.107'),
(122, 'admin', '2020-08-02 13:51:22', 'bond', 'DESKTOP-0HGIVFC', '192.168.0.107'),
(123, 'admin', '2020-08-02 13:52:35', 'user logged in', 'DESKTOP-0HGIVFC', '192.168.0.107'),
(124, 'admin', '2020-08-02 13:52:44', 'bond', 'DESKTOP-0HGIVFC', '192.168.0.107'),
(125, 'admin', '2020-08-02 13:53:23', 'bond', 'DESKTOP-0HGIVFC', '192.168.0.107'),
(126, NULL, '2020-08-02 16:03:34', 'bond', 'DESKTOP-0HGIVFC', '192.168.0.107'),
(127, 'david06', '2020-08-02 17:46:42', 'user logged in', 'DESKTOP-0HGIVFC', '192.168.0.107'),
(128, 'admin', '2020-08-02 17:47:39', 'user logged in', 'DESKTOP-0HGIVFC', '192.168.0.107'),
(129, 'admin', '2020-08-02 23:13:46', 'user logged in', 'DESKTOP-0HGIVFC', '192.168.0.107'),
(130, 'admin', '2020-08-02 23:15:57', 'user logged in', 'DESKTOP-0HGIVFC', '192.168.0.107'),
(131, 'admin', '2020-08-02 23:16:15', 'bond', 'DESKTOP-0HGIVFC', '192.168.0.107'),
(132, NULL, '2020-08-02 23:19:22', 'bond', 'DESKTOP-0HGIVFC', '192.168.0.107'),
(133, 'admin', '2020-08-02 23:19:46', 'user logged in', 'DESKTOP-0HGIVFC', '192.168.0.107'),
(134, 'admin', '2020-08-02 23:20:03', 'bond', 'DESKTOP-0HGIVFC', '192.168.0.107'),
(135, 'admin', '2020-08-02 23:24:40', 'user logged in', 'DESKTOP-0HGIVFC', '192.168.0.107'),
(136, 'admin', '2020-08-02 23:25:29', 'user logged in', 'DESKTOP-0HGIVFC', '192.168.0.107'),
(137, 'admin', '2020-08-02 23:28:00', 'user logged in', 'DESKTOP-0HGIVFC', '192.168.0.107'),
(138, 'admin', '2020-08-02 23:38:13', 'user logged in', 'DESKTOP-0HGIVFC', '192.168.0.107'),
(139, 'admin', '2020-08-02 23:43:51', 'user logged in', 'DESKTOP-0HGIVFC', '192.168.0.107'),
(140, 'admin', '2020-08-02 23:45:45', 'user logged in', 'DESKTOP-0HGIVFC', '192.168.0.107'),
(141, 'admin', '2020-08-03 19:30:19', 'user logged in', 'DESKTOP-0HGIVFC', '192.168.0.107'),
(142, 'admin', '2020-08-03 19:31:02', 'user logged in', 'DESKTOP-0HGIVFC', '192.168.0.107'),
(143, 'admin', '2020-08-03 19:53:14', 'user logged in', 'DESKTOP-0HGIVFC', '192.168.0.107'),
(144, 'admin', '2020-08-03 20:11:49', 'user logged in', 'DESKTOP-0HGIVFC', '192.168.0.107'),
(145, 'admin', '2020-08-03 20:13:46', 'user logged in', 'DESKTOP-0HGIVFC', '192.168.0.107'),
(146, 'admin', '2020-08-03 23:56:54', 'user logged in', 'DESKTOP-0HGIVFC', '192.168.0.107'),
(147, 'admin', '2020-08-03 23:58:02', 'user logged in', 'DESKTOP-0HGIVFC', '192.168.0.107'),
(148, 'admin', '2020-08-03 23:58:13', 'bond', 'DESKTOP-0HGIVFC', '192.168.0.107'),
(149, NULL, '2020-08-04 00:00:33', 'bond', 'DESKTOP-0HGIVFC', '192.168.0.107'),
(150, 'admin', '2020-08-04 00:01:02', 'user logged in', 'DESKTOP-0HGIVFC', '192.168.0.107'),
(151, 'admin', '2020-08-04 00:01:12', 'bond', 'DESKTOP-0HGIVFC', '192.168.0.107'),
(152, 'admin', '2020-08-04 00:01:58', 'bond', 'DESKTOP-0HGIVFC', '192.168.0.107'),
(153, 'admin', '2020-08-04 00:02:50', 'user logged in', 'DESKTOP-0HGIVFC', '192.168.0.107'),
(154, 'admin', '2020-08-04 00:03:00', 'bond', 'DESKTOP-0HGIVFC', '192.168.0.107'),
(155, 'admin', '2020-08-04 00:05:41', 'user logged in', 'DESKTOP-0HGIVFC', '192.168.0.107'),
(156, 'admin', '2020-08-04 00:05:50', 'bond', 'DESKTOP-0HGIVFC', '192.168.0.107'),
(157, 'admin', '2020-08-04 00:07:30', 'user logged in', 'DESKTOP-0HGIVFC', '192.168.0.107'),
(158, 'admin', '2020-08-04 00:07:38', 'bond', 'DESKTOP-0HGIVFC', '192.168.0.107'),
(159, 'admin', '2020-08-04 00:08:00', 'user logged in', 'DESKTOP-0HGIVFC', '192.168.0.107'),
(160, 'admin', '2020-08-04 00:08:08', 'bond', 'DESKTOP-0HGIVFC', '192.168.0.107'),
(161, 'admin', '2020-08-04 00:09:10', 'user logged in', 'DESKTOP-0HGIVFC', '192.168.0.107'),
(162, 'admin', '2020-08-04 00:09:26', 'bond', 'DESKTOP-0HGIVFC', '192.168.0.107'),
(163, 'admin', '2020-08-04 00:12:56', 'user logged in', 'DESKTOP-0HGIVFC', '192.168.0.107'),
(164, 'admin', '2020-08-04 00:13:06', 'bond', 'DESKTOP-0HGIVFC', '192.168.0.107'),
(165, 'admin', '2020-08-04 00:14:10', 'user logged in', 'DESKTOP-0HGIVFC', '192.168.0.107'),
(166, 'admin', '2020-08-04 00:14:21', 'bond', 'DESKTOP-0HGIVFC', '192.168.0.107'),
(167, 'admin', '2020-08-04 11:35:09', 'user logged in', 'DESKTOP-0HGIVFC', '192.168.0.103'),
(168, 'admin', '2020-08-04 11:35:19', 'bond', 'DESKTOP-0HGIVFC', '192.168.0.103'),
(169, 'admin', '2020-08-04 11:38:19', 'user logged in', 'DESKTOP-0HGIVFC', '192.168.0.103'),
(170, 'admin', '2020-08-04 11:38:33', 'bond', 'DESKTOP-0HGIVFC', '192.168.0.103'),
(171, 'admin', '2020-08-04 11:39:21', 'user logged in', 'DESKTOP-0HGIVFC', '192.168.0.103'),
(172, 'admin', '2020-08-04 11:43:14', 'user logged in', 'DESKTOP-0HGIVFC', '192.168.0.103'),
(173, 'admin', '2020-08-04 11:44:17', 'user logged in', 'DESKTOP-0HGIVFC', '192.168.0.103'),
(174, 'admin', '2020-08-04 11:47:28', 'user logged in', 'DESKTOP-0HGIVFC', '192.168.0.103'),
(175, 'admin', '2020-08-04 11:47:39', 'bond', 'DESKTOP-0HGIVFC', '192.168.0.103'),
(176, 'admin', '2020-08-04 11:48:34', 'user logged in', 'DESKTOP-0HGIVFC', '192.168.0.103'),
(177, 'admin', '2020-08-04 12:35:14', 'user logged in', 'DESKTOP-0HGIVFC', '192.168.0.103'),
(178, 'admin', '2020-08-04 12:37:38', 'user logged in', 'DESKTOP-0HGIVFC', '192.168.0.103'),
(179, 'admin', '2020-08-04 13:31:54', 'user logged in', 'DESKTOP-0HGIVFC', '192.168.0.103'),
(180, 'admin', '2020-08-04 13:34:47', 'user logged in', 'DESKTOP-0HGIVFC', '192.168.0.103'),
(181, 'admin', '2020-08-04 13:35:04', 'bond', 'DESKTOP-0HGIVFC', '192.168.0.103'),
(182, 'admin', '2020-08-05 17:14:43', 'user logged in', 'DESKTOP-0HGIVFC', '192.168.1.228'),
(183, 'admin', '2020-08-06 00:22:22', 'user logged in', 'DESKTOP-0HGIVFC', '192.168.43.231'),
(184, 'admin', '2020-08-06 00:23:18', 'user logged in', 'DESKTOP-0HGIVFC', '192.168.43.231'),
(185, 'admin', '2020-08-06 00:24:02', 'user logged in', 'DESKTOP-0HGIVFC', '192.168.43.231'),
(186, 'admin', '2020-08-06 13:38:47', 'user logged in', 'DESKTOP-0HGIVFC', '192.168.0.103'),
(187, 'admin', '2020-08-06 13:40:09', 'user logged in', 'DESKTOP-0HGIVFC', '192.168.0.103'),
(188, 'admin', '2020-08-06 13:41:27', 'user logged in', 'DESKTOP-0HGIVFC', '192.168.0.103'),
(189, 'admin', '2020-08-06 13:42:05', 'user logged in', 'DESKTOP-0HGIVFC', '192.168.0.103'),
(190, 'admin', '2020-08-06 13:43:13', 'user logged in', 'DESKTOP-0HGIVFC', '192.168.0.103'),
(191, 'admin', '2020-08-06 13:49:25', 'user logged in', 'DESKTOP-0HGIVFC', '192.168.0.103'),
(192, 'admin', '2020-08-06 13:50:47', 'user logged in', 'DESKTOP-0HGIVFC', '192.168.0.103'),
(193, 'admin', '2020-08-06 14:10:44', 'user logged in', 'DESKTOP-0HGIVFC', '192.168.0.103'),
(194, 'admin', '2020-08-06 14:13:00', 'user logged in', 'DESKTOP-0HGIVFC', '192.168.0.103'),
(195, 'admin', '2020-08-06 14:15:11', 'user logged in', 'DESKTOP-0HGIVFC', '192.168.0.103'),
(196, 'admin', '2020-08-06 14:16:08', 'user logged in', 'DESKTOP-0HGIVFC', '192.168.0.103'),
(197, 'admin', '2020-08-06 14:39:24', 'user logged in', 'DESKTOP-0HGIVFC', '192.168.0.103'),
(198, 'admin', '2020-08-06 14:45:47', 'user logged in', 'DESKTOP-0HGIVFC', '192.168.0.103'),
(199, NULL, '2020-08-06 22:33:27', 'bond', 'DESKTOP-0HGIVFC', '192.168.0.103'),
(200, 'admin', '2020-08-07 15:37:31', 'user logged in', 'DESKTOP-0HGIVFC', '192.168.0.103'),
(201, NULL, '2020-08-07 15:38:10', 'bond', 'DESKTOP-0HGIVFC', '192.168.0.103'),
(202, 'admin', '2020-08-07 15:38:32', 'user logged in', 'DESKTOP-0HGIVFC', '192.168.0.103'),
(203, NULL, '2020-08-07 15:40:53', 'bond', 'DESKTOP-0HGIVFC', '192.168.0.103'),
(204, 'admin', '2020-08-07 15:49:09', 'user logged in', 'DESKTOP-0HGIVFC', '192.168.0.103'),
(205, NULL, '2020-08-07 15:49:21', 'bond', 'DESKTOP-0HGIVFC', '192.168.0.103'),
(206, 'admin', '2020-08-07 15:55:48', 'user logged in', 'DESKTOP-0HGIVFC', '192.168.0.103'),
(207, 'admin', '2020-08-07 15:56:21', 'user logged in', 'DESKTOP-0HGIVFC', '192.168.0.103'),
(208, NULL, '2020-08-07 15:56:34', 'bond', 'DESKTOP-0HGIVFC', '192.168.0.103'),
(209, NULL, '2020-08-07 15:56:57', 'bond', 'DESKTOP-0HGIVFC', '192.168.0.103'),
(210, NULL, '2020-08-07 15:57:03', 'bond', 'DESKTOP-0HGIVFC', '192.168.0.103'),
(211, 'david06', '2020-08-07 15:58:18', 'user logged in', 'DESKTOP-0HGIVFC', '192.168.0.103'),
(212, 'david06', '2020-08-07 15:59:02', 'user logged in', 'DESKTOP-0HGIVFC', '192.168.0.103'),
(213, 'david06', '2020-08-07 15:59:41', 'user logged in', 'DESKTOP-0HGIVFC', '192.168.0.103'),
(214, 'david06', '2020-08-07 16:00:49', 'user logged in', 'DESKTOP-0HGIVFC', '192.168.0.103'),
(215, 'david06', '2020-08-07 16:04:28', 'user logged in', 'DESKTOP-0HGIVFC', '192.168.0.103'),
(216, NULL, '2020-08-07 16:04:40', 'bond', 'DESKTOP-0HGIVFC', '192.168.0.103'),
(217, 'david06', '2020-08-07 16:14:09', 'user logged in', 'DESKTOP-0HGIVFC', '192.168.0.103'),
(218, 'david06', '2020-08-07 16:14:26', 'bond', 'DESKTOP-0HGIVFC', '192.168.0.103'),
(219, 'david06', '2020-08-07 16:16:01', 'user logged in', 'DESKTOP-0HGIVFC', '192.168.0.103'),
(220, 'david06', '2020-08-07 16:16:11', 'bond', 'DESKTOP-0HGIVFC', '192.168.0.103'),
(221, 'david06', '2020-08-07 16:21:18', 'user logged in', 'DESKTOP-0HGIVFC', '192.168.0.103'),
(222, 'david06', '2020-08-07 16:21:36', 'bond', 'DESKTOP-0HGIVFC', '192.168.0.103'),
(223, 'david06', '2020-08-07 16:22:40', 'user logged in', 'DESKTOP-0HGIVFC', '192.168.0.103'),
(224, 'david06', '2020-08-07 16:22:51', 'bond', 'DESKTOP-0HGIVFC', '192.168.0.103'),
(225, 'david06', '2020-08-07 16:23:44', 'bond', 'DESKTOP-0HGIVFC', '192.168.0.103'),
(226, 'david06', '2020-08-07 16:24:09', 'user logged in', 'DESKTOP-0HGIVFC', '192.168.0.103'),
(227, 'david06', '2020-08-07 16:24:25', 'bond', 'DESKTOP-0HGIVFC', '192.168.0.103'),
(228, 'david06', '2020-08-07 16:25:12', 'user logged in', 'DESKTOP-0HGIVFC', '192.168.0.103'),
(229, 'david06', '2020-08-07 16:25:23', 'bond', 'DESKTOP-0HGIVFC', '192.168.0.103'),
(230, 'david06', '2020-08-07 16:27:35', 'user logged in', 'DESKTOP-0HGIVFC', '192.168.0.103'),
(231, 'david06', '2020-08-07 16:27:45', 'bond', 'DESKTOP-0HGIVFC', '192.168.0.103'),
(232, 'david06', '2020-08-07 16:28:47', 'user logged in', 'DESKTOP-0HGIVFC', '192.168.0.103'),
(233, 'david06', '2020-08-07 16:28:57', 'bond', 'DESKTOP-0HGIVFC', '192.168.0.103'),
(234, 'david06', '2020-08-07 16:29:01', 'bond', 'DESKTOP-0HGIVFC', '192.168.0.103'),
(235, 'admin', '2020-08-07 16:29:36', 'user logged in', 'DESKTOP-0HGIVFC', '192.168.0.103'),
(236, 'admin', '2020-08-07 16:29:45', 'bond', 'DESKTOP-0HGIVFC', '192.168.0.103'),
(237, 'admin', '2020-08-07 16:30:17', 'bond', 'DESKTOP-0HGIVFC', '192.168.0.103'),
(238, 'admin', '2020-08-07 16:31:06', 'user logged in', 'DESKTOP-0HGIVFC', '192.168.0.103'),
(239, 'admin', '2020-08-07 16:35:28', 'user logged in', 'DESKTOP-0HGIVFC', '192.168.0.103'),
(240, 'admin', '2020-08-07 16:36:49', 'user logged in', 'DESKTOP-0HGIVFC', '192.168.0.103'),
(241, 'admin', '2020-08-07 16:37:02', 'bond', 'DESKTOP-0HGIVFC', '192.168.0.103'),
(242, 'admin', '2020-08-07 16:42:14', 'user logged in', 'DESKTOP-0HGIVFC', '192.168.0.103'),
(243, NULL, '2020-08-07 16:42:24', 'bond', 'DESKTOP-0HGIVFC', '192.168.0.103'),
(244, 'admin', '2020-08-07 16:43:31', 'user logged in', 'DESKTOP-0HGIVFC', '192.168.0.103'),
(245, 'admin', '2020-08-07 16:46:22', 'user logged in', 'DESKTOP-0HGIVFC', '192.168.0.103'),
(246, NULL, '2020-08-07 16:46:34', 'bond', 'DESKTOP-0HGIVFC', '192.168.0.103'),
(247, 'admin', '2020-08-07 16:49:05', 'user logged in', 'DESKTOP-0HGIVFC', '192.168.0.103'),
(248, 'admin', '2020-08-07 16:49:13', 'bond', 'DESKTOP-0HGIVFC', '192.168.0.103'),
(249, 'admin', '2020-08-07 16:56:51', 'user logged in', 'DESKTOP-0HGIVFC', '192.168.0.103'),
(250, 'admin', '2020-08-07 16:56:58', 'bond', 'DESKTOP-0HGIVFC', '192.168.0.103'),
(251, 'admin', '2020-08-07 16:57:43', 'user logged in', 'DESKTOP-0HGIVFC', '192.168.0.103'),
(252, 'admin', '2020-08-07 16:57:53', 'bond', 'DESKTOP-0HGIVFC', '192.168.0.103'),
(253, 'admin', '2020-08-07 16:59:22', 'user logged in', 'DESKTOP-0HGIVFC', '192.168.0.103'),
(254, 'admin', '2020-08-07 16:59:29', 'bond', 'DESKTOP-0HGIVFC', '192.168.0.103'),
(255, 'david06', '2020-08-07 17:00:48', 'user logged in', 'DESKTOP-0HGIVFC', '192.168.0.103'),
(256, NULL, '2020-08-07 17:01:02', 'bond', 'DESKTOP-0HGIVFC', '192.168.0.103'),
(257, NULL, '2020-08-07 17:01:25', 'bond', 'DESKTOP-0HGIVFC', '192.168.0.103'),
(258, 'david06', '2020-08-07 17:02:28', 'user logged in', 'DESKTOP-0HGIVFC', '192.168.0.103'),
(259, 'david06', '2020-08-07 17:02:40', 'bond', 'DESKTOP-0HGIVFC', '192.168.0.103'),
(260, 'david06', '2020-08-07 17:02:45', 'bond', 'DESKTOP-0HGIVFC', '192.168.0.103'),
(261, 'admin', '2020-08-07 17:03:02', 'user logged in', 'DESKTOP-0HGIVFC', '192.168.0.103'),
(262, 'admin', '2020-08-07 17:05:54', 'user logged in', 'DESKTOP-0HGIVFC', '192.168.0.103'),
(263, 'admin', '2020-08-07 17:08:38', 'user logged in', 'DESKTOP-0HGIVFC', '192.168.0.103'),
(264, 'david06', '2020-08-07 17:09:38', 'user logged in', 'DESKTOP-0HGIVFC', '192.168.0.103'),
(265, NULL, '2020-08-07 17:09:52', 'bond', 'DESKTOP-0HGIVFC', '192.168.0.103'),
(266, 'admin', '2020-08-07 17:13:34', 'user logged in', 'DESKTOP-0HGIVFC', '192.168.0.103'),
(267, 'admin', '2020-08-07 17:13:40', 'bond', 'DESKTOP-0HGIVFC', '192.168.0.103'),
(268, 'david06', '2020-08-07 17:14:25', 'user logged in', 'DESKTOP-0HGIVFC', '192.168.0.103'),
(269, 'david06', '2020-08-07 17:14:37', 'bond', 'DESKTOP-0HGIVFC', '192.168.0.103'),
(270, 'admin', '2020-08-07 17:15:08', 'user logged in', 'DESKTOP-0HGIVFC', '192.168.0.103'),
(271, 'admin', '2020-08-07 17:15:24', 'bond', 'DESKTOP-0HGIVFC', '192.168.0.103'),
(272, 'admin', '2020-08-07 17:17:02', 'user logged in', 'DESKTOP-0HGIVFC', '192.168.0.103'),
(273, 'admin', '2020-08-07 21:15:29', 'user logged in', 'DESKTOP-0HGIVFC', '192.168.0.103'),
(274, 'admin', '2020-08-07 21:15:58', 'bond', 'DESKTOP-0HGIVFC', '192.168.0.103'),
(275, 'admin', '2020-08-07 21:16:05', 'bond', 'DESKTOP-0HGIVFC', '192.168.0.103'),
(276, 'david06', '2020-08-07 21:17:22', 'user logged in', 'DESKTOP-0HGIVFC', '192.168.0.103'),
(277, NULL, '2020-08-07 21:17:37', 'bond', 'DESKTOP-0HGIVFC', '192.168.0.103'),
(278, 'admin', '2020-08-07 21:17:50', 'user logged in', 'DESKTOP-0HGIVFC', '192.168.0.103'),
(279, 'admin', '2020-08-07 21:18:04', 'bond', 'DESKTOP-0HGIVFC', '192.168.0.103'),
(280, NULL, '2020-08-07 21:18:20', 'bond', 'DESKTOP-0HGIVFC', '192.168.0.103'),
(281, 'admin', '2020-08-07 21:18:38', 'user logged in', 'DESKTOP-0HGIVFC', '192.168.0.103'),
(282, 'admin', '2020-08-07 21:20:13', 'user logged in', 'DESKTOP-0HGIVFC', '192.168.0.103'),
(283, 'admin', '2020-08-07 21:21:45', 'user logged in', 'DESKTOP-0HGIVFC', '192.168.0.103'),
(284, NULL, '2020-08-07 21:22:37', 'bond', 'DESKTOP-0HGIVFC', '192.168.0.103'),
(285, 'admin', '2020-08-07 21:23:01', 'user logged in', 'DESKTOP-0HGIVFC', '192.168.0.103'),
(286, 'admin', '2020-08-07 21:23:36', 'user logged in', 'DESKTOP-0HGIVFC', '192.168.0.103'),
(287, 'admin', '2020-08-07 21:23:40', 'bond', 'DESKTOP-0HGIVFC', '192.168.0.103'),
(288, 'admin', '2020-08-07 21:23:49', 'bond', 'DESKTOP-0HGIVFC', '192.168.0.103'),
(289, 'admin', '2020-08-07 21:24:22', 'user logged in', 'DESKTOP-0HGIVFC', '192.168.0.103'),
(290, 'admin', '2020-08-07 21:24:32', 'bond', 'DESKTOP-0HGIVFC', '192.168.0.103'),
(291, NULL, '2020-08-07 21:25:04', 'bond', 'DESKTOP-0HGIVFC', '192.168.0.103'),
(292, 'admin', '2020-08-07 21:28:49', 'user logged in', 'DESKTOP-0HGIVFC', '192.168.0.103'),
(293, 'admin', '2020-08-07 21:29:00', 'bond', 'DESKTOP-0HGIVFC', '192.168.0.103'),
(294, 'admin', '2020-08-07 21:29:03', 'bond', 'DESKTOP-0HGIVFC', '192.168.0.103'),
(295, 'admin', '2020-08-07 21:30:59', 'user logged in', 'DESKTOP-0HGIVFC', '192.168.0.103'),
(296, 'admin', '2020-08-07 21:31:09', 'bond', 'DESKTOP-0HGIVFC', '192.168.0.103'),
(297, 'admin', '2020-08-07 21:32:26', 'user logged in', 'DESKTOP-0HGIVFC', '192.168.0.103'),
(298, 'admin', '2020-08-07 21:32:34', 'bond', 'DESKTOP-0HGIVFC', '192.168.0.103'),
(299, 'admin', '2020-08-07 21:33:41', 'user logged in', 'DESKTOP-0HGIVFC', '192.168.0.103'),
(300, 'admin', '2020-08-07 21:33:50', 'bond', 'DESKTOP-0HGIVFC', '192.168.0.103'),
(301, 'admin', '2020-08-07 21:34:38', 'user logged in', 'DESKTOP-0HGIVFC', '192.168.0.103'),
(302, 'admin', '2020-08-07 21:34:47', 'bond', 'DESKTOP-0HGIVFC', '192.168.0.103'),
(303, NULL, '2020-08-07 21:37:43', 'bond', 'DESKTOP-0HGIVFC', '192.168.0.103'),
(304, NULL, '2020-08-07 21:38:26', 'bond', 'DESKTOP-0HGIVFC', '192.168.0.103'),
(305, NULL, '2020-08-07 21:39:44', 'bond', 'DESKTOP-0HGIVFC', '192.168.0.103'),
(306, NULL, '2020-08-07 21:42:24', 'bond', 'DESKTOP-0HGIVFC', '192.168.0.103'),
(307, NULL, '2020-08-07 21:43:50', 'bond', 'DESKTOP-0HGIVFC', '192.168.0.103'),
(308, NULL, '2020-08-07 21:46:34', 'bond', 'DESKTOP-0HGIVFC', '192.168.0.103'),
(309, NULL, '2020-08-07 21:47:05', 'bond', 'DESKTOP-0HGIVFC', '192.168.0.103'),
(310, NULL, '2020-08-07 21:48:47', 'bond', 'DESKTOP-0HGIVFC', '192.168.0.103'),
(311, 'admin', '2020-08-07 21:51:43', 'user logged in', 'DESKTOP-0HGIVFC', '192.168.0.103'),
(312, 'admin', '2020-08-07 21:51:55', 'bond', 'DESKTOP-0HGIVFC', '192.168.0.103'),
(313, 'admin', '2020-08-07 21:57:45', 'user logged in', 'DESKTOP-0HGIVFC', '192.168.0.103'),
(314, 'admin', '2020-08-07 21:57:58', 'bond', 'DESKTOP-0HGIVFC', '192.168.0.103'),
(315, 'admin', '2020-08-07 21:59:02', 'user logged in', 'DESKTOP-0HGIVFC', '192.168.0.103'),
(316, 'admin', '2020-08-07 21:59:15', 'bond', 'DESKTOP-0HGIVFC', '192.168.0.103'),
(317, 'admin', '2020-08-07 22:01:07', 'user logged in', 'DESKTOP-0HGIVFC', '192.168.0.103'),
(318, 'admin', '2020-08-07 22:01:19', 'bond', 'DESKTOP-0HGIVFC', '192.168.0.103'),
(319, NULL, '2020-08-07 22:02:55', 'bond', 'DESKTOP-0HGIVFC', '192.168.0.103'),
(320, 'admin', '2020-08-07 22:35:22', 'user logged in', 'DESKTOP-0HGIVFC', '192.168.0.103'),
(321, 'admin', '2020-08-07 22:35:31', 'bond', 'DESKTOP-0HGIVFC', '192.168.0.103'),
(322, 'admin', '2020-08-07 22:40:39', 'user logged in', 'DESKTOP-0HGIVFC', '192.168.0.103'),
(323, 'admin', '2020-08-07 22:40:47', 'bond', 'DESKTOP-0HGIVFC', '192.168.0.103'),
(324, 'admin', '2020-08-07 22:42:22', 'user logged in', 'DESKTOP-0HGIVFC', '192.168.0.103'),
(325, 'admin', '2020-08-07 22:42:33', 'bond', 'DESKTOP-0HGIVFC', '192.168.0.103'),
(326, 'admin', '2020-08-07 22:44:33', 'user logged in', 'DESKTOP-0HGIVFC', '192.168.0.103'),
(327, 'admin', '2020-08-07 22:44:46', 'bond', 'DESKTOP-0HGIVFC', '192.168.0.103'),
(328, 'admin', '2020-08-07 22:47:33', 'user logged in', 'DESKTOP-0HGIVFC', '192.168.0.103'),
(329, 'admin', '2020-08-07 22:47:40', 'bond', 'DESKTOP-0HGIVFC', '192.168.0.103'),
(330, 'admin', '2020-08-07 22:49:26', 'user logged in', 'DESKTOP-0HGIVFC', '192.168.0.103'),
(331, 'admin', '2020-08-07 22:49:35', 'bond', 'DESKTOP-0HGIVFC', '192.168.0.103'),
(332, 'admin', '2020-08-07 22:51:19', 'user logged in', 'DESKTOP-0HGIVFC', '192.168.0.103'),
(333, 'admin', '2020-08-07 22:51:27', 'bond', 'DESKTOP-0HGIVFC', '192.168.0.103'),
(334, 'admin', '2020-08-07 22:52:05', 'user logged in', 'DESKTOP-0HGIVFC', '192.168.0.103'),
(335, 'admin', '2020-08-07 22:52:14', 'bond', 'DESKTOP-0HGIVFC', '192.168.0.103'),
(336, NULL, '2020-08-07 22:53:20', 'bond', 'DESKTOP-0HGIVFC', '192.168.0.103'),
(337, 'admin', '2020-08-07 22:54:10', 'user logged in', 'DESKTOP-0HGIVFC', '192.168.0.103'),
(338, 'admin', '2020-08-07 22:54:21', 'bond', 'DESKTOP-0HGIVFC', '192.168.0.103'),
(339, 'admin', '2020-08-07 22:55:27', 'user logged in', 'DESKTOP-0HGIVFC', '192.168.0.103'),
(340, 'admin', '2020-08-07 22:55:39', 'bond', 'DESKTOP-0HGIVFC', '192.168.0.103'),
(341, NULL, '2020-08-07 22:56:05', 'bond', 'DESKTOP-0HGIVFC', '192.168.0.103'),
(342, 'admin', '2020-08-07 22:56:59', 'user logged in', 'DESKTOP-0HGIVFC', '192.168.0.103'),
(343, 'admin', '2020-08-07 22:58:58', 'user logged in', 'DESKTOP-0HGIVFC', '192.168.0.103'),
(344, 'admin', '2020-08-07 22:59:15', 'bond', 'DESKTOP-0HGIVFC', '192.168.0.103'),
(345, 'admin', '2020-08-07 22:59:29', 'bond', 'DESKTOP-0HGIVFC', '192.168.0.103'),
(346, 'admin', '2020-08-07 23:00:37', 'user logged in', 'DESKTOP-0HGIVFC', '192.168.0.103'),
(347, 'admin', '2020-08-07 23:00:45', 'bond', 'DESKTOP-0HGIVFC', '192.168.0.103'),
(348, 'admin', '2020-08-07 23:01:23', 'bond', 'DESKTOP-0HGIVFC', '192.168.0.103'),
(349, 'admin', '2020-08-07 23:03:58', 'user logged in', 'DESKTOP-0HGIVFC', '192.168.0.103'),
(350, 'admin', '2020-08-07 23:04:15', 'bond', 'DESKTOP-0HGIVFC', '192.168.0.103'),
(351, 'admin', '2020-08-07 23:04:23', 'bond', 'DESKTOP-0HGIVFC', '192.168.0.103'),
(352, 'admin', '2020-08-07 23:05:52', 'user logged in', 'DESKTOP-0HGIVFC', '192.168.0.103'),
(353, 'admin', '2020-08-07 23:06:01', 'bond', 'DESKTOP-0HGIVFC', '192.168.0.103'),
(354, 'admin', '2020-08-07 23:06:25', 'bond', 'DESKTOP-0HGIVFC', '192.168.0.103'),
(355, 'admin', '2020-08-07 23:07:17', 'user logged in', 'DESKTOP-0HGIVFC', '192.168.0.103'),
(356, 'admin', '2020-08-07 23:07:27', 'bond', 'DESKTOP-0HGIVFC', '192.168.0.103'),
(357, 'admin', '2020-08-07 23:08:31', 'user logged in', 'DESKTOP-0HGIVFC', '192.168.0.103'),
(358, 'admin', '2020-08-07 23:08:40', 'bond', 'DESKTOP-0HGIVFC', '192.168.0.103'),
(359, NULL, '2020-08-07 23:09:30', 'bond', 'DESKTOP-0HGIVFC', '192.168.0.103'),
(360, 'admin', '2020-08-07 23:09:55', 'user logged in', 'DESKTOP-0HGIVFC', '192.168.0.103'),
(361, 'admin', '2020-08-07 23:10:04', 'bond', 'DESKTOP-0HGIVFC', '192.168.0.103'),
(362, 'admin', '2020-08-07 23:13:31', 'user logged in', 'DESKTOP-0HGIVFC', '192.168.0.103'),
(363, 'admin', '2020-08-07 23:14:15', 'user logged in', 'DESKTOP-0HGIVFC', '192.168.0.103'),
(364, 'admin', '2020-08-08 15:07:53', 'user logged in', 'DESKTOP-0HGIVFC', '192.168.0.103'),
(365, 'admin', '2020-08-08 15:08:03', 'bond', 'DESKTOP-0HGIVFC', '192.168.0.103'),
(366, 'admin', '2020-08-08 15:08:30', 'bond', 'DESKTOP-0HGIVFC', '192.168.0.103'),
(367, 'admin', '2020-08-08 15:09:10', 'user logged in', 'DESKTOP-0HGIVFC', '192.168.0.103'),
(368, 'admin', '2020-08-08 15:09:24', 'bond', 'DESKTOP-0HGIVFC', '192.168.0.103'),
(369, 'david06', '2020-08-08 15:09:54', 'user logged in', 'DESKTOP-0HGIVFC', '192.168.0.103'),
(370, 'david06', '2020-08-08 15:10:06', 'bond', 'DESKTOP-0HGIVFC', '192.168.0.103'),
(371, 'david06', '2020-08-08 20:20:02', 'User password has been changed', 'DESKTOP-0HGIVFC', '192.168.0.103'),
(372, 'david06', '2020-08-08 20:20:11', 'user logged in', 'DESKTOP-0HGIVFC', '192.168.0.103'),
(373, 'david06', '2020-08-08 20:37:43', 'user logged in', 'DESKTOP-0HGIVFC', '192.168.0.103'),
(374, 'david06', '2020-08-08 20:37:50', 'bond', 'DESKTOP-0HGIVFC', '192.168.0.103'),
(375, 'david06', '2020-08-08 20:37:58', 'bond', 'DESKTOP-0HGIVFC', '192.168.0.103'),
(376, 'admin', '2020-08-09 12:49:45', 'user logged in', 'DESKTOP-0HGIVFC', '192.168.0.103'),
(377, 'david06', '2020-08-09 12:50:24', 'user logged in', 'DESKTOP-0HGIVFC', '192.168.0.103'),
(378, 'david06', '2020-08-09 12:50:43', 'bond', 'DESKTOP-0HGIVFC', '192.168.0.103'),
(379, 'admin', '2020-08-09 12:52:57', 'user logged in', 'DESKTOP-0HGIVFC', '192.168.0.103'),
(380, 'david06', '2020-08-10 16:24:07', 'user logged in', 'DESKTOP-0HGIVFC', '192.168.0.103'),
(381, 'david06', '2020-08-10 16:24:30', 'bond', 'DESKTOP-0HGIVFC', '192.168.0.103'),
(382, 'david06', '2020-08-10 16:24:42', 'bond', 'DESKTOP-0HGIVFC', '192.168.0.103');

--
-- Dumping data for table `bond`
--

INSERT INTO `bond` (`name`, `version`, `audit_id`, `username`, `interest_rate`, `ccy`, `principal`, `day_counting_convention`, `start_date`, `end_date`) VALUES
('admin_test', 9, 274, 'admin', 3, 'eur', 1000, 'ACT/ACT', '2020-08-07', '2020-08-07'),
('another', 4, 246, 'admin', 3, 'eur', 10, 'ACT/365', '2020-08-07', '2020-08-07'),
('bond1', 6, 366, 'admin', 1.9, 'eur', 1100, 'ACT/365', '2020-07-10', '2020-10-17'),
('bond2', 4, 288, 'admin', 2, 'ron', 988, 'ACT/365', '2020-07-28', '2021-01-29'),
('david_test', 2, 382, 'david06', 2.7, 'ron', 11, 'ACT/ACT', '2020-08-10', '2020-09-01'),
('hello', 4, 290, 'admin', 3, 'ron', 2, 'ACT/ACT', '2020-08-07', '2020-08-07'),
('hello2', 2, 275, 'admin', 2, 'eur', 10, 'ACT/ACT', '2020-08-07', '2020-08-07'),
('test_test', 1, 91, 'admin', 3, 'eur', 2, 'ACT/365', '2020-08-01', '2020-08-01'),
('yo', 4, 378, 'david06', 3.2, 'eur', 110, 'ACT/ACT', '2020-08-09', '2020-08-09'),
('yolo', 2, 365, 'admin', 3, 'eur', 10, 'ACT/ACT', '2020-08-08', '2020-08-08'),
('yolo1', 1, 368, 'admin', 1, 'eur', 1, 'ACT/ACT', '2020-08-08', '2020-08-08');

--
-- Dumping data for table `bond_hist`
--

INSERT INTO `bond_hist` (`audit_id`, `username`, `name`, `version`, `interest_rate`, `ccy`, `principal`, `day_counting_convention`, `start_date`, `end_date`) VALUES
(1, '0', 'bond1', 1, 1.8, 'eur', 1000, 'ACT/365', '2020-07-10', '2020-10-17'),
(1, '0', 'bond1', 2, 1.7, 'eur', 1000, 'ACT/365', '2020-07-10', '2020-10-17'),
(1, '0', 'bond1', 3, 1.8, 'eur', 1000, 'ACT/365', '2020-07-10', '2020-10-17'),
(1, '0', 'bond2', 1, 2, 'ron', 987, 'ACT/365', '2020-07-28', '2021-01-29'),
(26, '0', 'test', 1, 1, 'ron', 1000, 'ACT/365', '0000-00-00', '0000-00-00'),
(26, '0', 'test2', 1, 3, 'ron', 1000, 'ACT/365', '0000-00-00', '0000-00-00'),
(49, '0', '', 1, 0, '', 0, 'ACT/365', '0000-00-00', '0000-00-00'),
(73, '0', 'Tesst', 1, 2.3, 'eur', 2, 'ACT/365', '0000-00-00', '0000-00-00'),
(75, '0', 'NewTest', 1, 2.2, 'eur', 100, 'ACT/365', '0000-00-00', '0000-00-00'),
(78, '0', 'admin_test', 1, 2, '3', 1000, 'ACT/365', '2020-08-01', '2020-08-01'),
(NULL, '0', 'hello2', 1, 2, 'eur', 10, 'ACT/365', '2020-08-01', '2020-08-01'),
(NULL, '0', 'hello3', 1, 2, 'eur', 10, 'ACT/365', '2020-08-01', '2020-08-01'),
(97, '0', 'hello4', 1, 3, 'eur', 100, 'ACT/365', '2020-08-01', '2020-09-01'),
(101, '0', 'hello4', 2, 3, 'ron', 100, 'ACT/365', '2020-08-02', '2020-08-02'),
(103, '0', 'hello4', 2, 2.4, 'eur', 100, 'ACT/365', '2020-08-02', '2020-09-01'),
(105, '0', 'hello4', 2147483647, 2.3, 'eur', 100, 'ACT/365', '2020-08-02', '2020-08-02'),
(124, '0', 'hello3', 2, 2, 'eur', 10, 'ACT/365', '2020-08-02', '2020-08-02'),
(125, '0', 'hello3', 3, 2, 'eur', 12, 'ACT/365', '2020-08-02', '2020-08-02'),
(164, '0', 'hello3', 5, 3, 'eur', 110, 'ACT/365', '2020-08-04', '2020-08-04'),
(168, '0', 'hello3', 6, 3, 'eur', 10, 'ACT/365', '2020-08-04', '2020-08-04'),
(170, '0', 'hello3', 7, 3, 'eur', 10, 'ACT/365', '2020-08-04', '2020-08-04'),
(175, '0', 'hello3', 8, 3, 'eur', 10, 'ACT/365', '2020-08-04', '2020-08-04'),
(181, '0', 'hello3', 9, 3, 'eur', 100, 'ACT/365', '2020-09-01', '2020-08-04'),
(199, '0', 'hello3', 10, 2.9, 'eur', 100, 'ACT/365', '2020-09-01', '2020-08-06'),
(201, '0', 'admin_test', 2, 2, '3', 1000, 'ACT/365', '2020-08-07', '2020-08-07'),
(203, '0', 'hello', 2, 3, 'ron', 2, 'ACT/365', '2020-08-07', '2020-08-07'),
(205, '0', 'bond2', 2, 2, 'ron', 988, 'ACT/365', '2020-07-28', '2021-01-29'),
(208, '0', 'admin_test', 3, 2, 'eur', 1000, 'ACT/365', '2020-08-07', '2020-08-07'),
(209, '0', 'another', 2, 2, 'eur', 10, 'ACT/365', '2020-08-07', '2020-08-07'),
(210, '0', 'another', 3, 2, 'eur', 10, 'ACT/365', '2020-08-07', '2020-08-07'),
(216, '0', 'hello', 3, 3, 'ron', 2, 'ACT/365', '2020-08-07', '2020-08-07'),
(243, NULL, 'admin_test', 4, 3, 'eur', 1000, 'ACT/365', '2020-08-07', '2020-08-07'),
(246, NULL, 'another', 4, 3, 'eur', 10, 'ACT/365', '2020-08-07', '2020-08-07'),
(248, 'admin', 'bond1', 4, 1.8, 'eur', 1001, 'ACT/365', '2020-07-10', '2020-10-17'),
(250, 'admin', 'admin_test', 5, 3, 'eur', 1000, 'ACT/365', '2020-08-07', '2020-08-07'),
(252, 'admin', 'admin_test', 6, 3, 'eur', 1000, NULL, '2020-08-07', '2020-08-07'),
(254, 'admin', 'admin_test', 7, 3, 'eur', 1000, 'ACT/ACT', '2020-08-07', '2020-08-07'),
(267, 'admin', 'admin_test', 8, 3, 'eur', 1000, 'ACT/365', '2020-08-07', '2020-08-07'),
(271, 'admin', 'bond1', 5, 1.8, 'eur', 1100, 'ACT/365', '2020-07-10', '2020-10-17'),
(274, 'admin', 'admin_test', 9, 3, 'eur', 1000, 'ACT/ACT', '2020-08-07', '2020-08-07'),
(275, 'admin', 'hello2', 2, 2, 'eur', 10, 'ACT/ACT', '2020-08-07', '2020-08-07'),
(287, 'admin', 'bond2', 3, 2, 'ron', 988, 'ACT/ACT', '2020-07-28', '2021-01-29'),
(288, 'admin', 'bond2', 4, 2, 'ron', 988, 'ACT/365', '2020-07-28', '2021-01-29'),
(290, 'admin', 'hello', 4, 3, 'ron', 2, 'ACT/ACT', '2020-08-07', '2020-08-07'),
(336, NULL, 'yolo', 1, 3, 'eur', 1, NULL, '2020-08-07', '2020-08-07'),
(338, NULL, 'yolo', 1, 3, 'eur', 1, NULL, '2020-08-07', '2020-09-01'),
(340, 'admin', 'yolo', 1, 3, 'eur', 3, NULL, '2020-08-07', '2020-08-07'),
(341, NULL, 'yolo', 1, 3, 'eur', 10, NULL, '2020-08-07', '2020-08-07'),
(353, 'admin', 'yolo', 1, 3, 'eur', 10, NULL, '2020-08-07', '2020-08-07'),
(354, 'admin', 'yolo', 1, 3, 'eur', 10, NULL, '2020-08-07', '2020-08-07'),
(356, 'admin', 'yolo', 1, 3, 'eur', 10, NULL, '2020-08-07', '2020-08-07'),
(358, 'admin', 'yolo', 1, 3, 'eur', 10, NULL, '2020-08-07', '2020-08-07'),
(359, NULL, 'yolo', 1, 3, 'eur', 10, 'ACT/ACT', '2020-08-07', '2020-08-07'),
(361, 'admin', 'yolo', 1, 3, 'eur', 10, 'ACT/ACT', '2020-08-07', '2020-08-07'),
(365, 'admin', 'yolo', 2, 3, 'eur', 10, 'ACT/ACT', '2020-08-08', '2020-08-08'),
(366, 'admin', 'bond1', 6, 1.9, 'eur', 1100, 'ACT/365', '2020-07-10', '2020-10-17'),
(368, 'admin', 'yolo1', 1, 1, 'eur', 1, 'ACT/ACT', '2020-08-08', '2020-08-08'),
(370, 'david06', 'yo', 1, 3, 'eur', 10, 'ACT/ACT', '2020-08-08', '2020-08-08'),
(374, 'david06', 'yo', 2, 3, 'eur', 101, 'ACT/ACT', '2020-08-08', '2020-08-08'),
(375, 'david06', 'yo', 3, 3.2, 'eur', 101, 'ACT/ACT', '2020-08-08', '2020-08-08'),
(378, 'david06', 'yo', 4, 3.2, 'eur', 110, 'ACT/ACT', '2020-08-09', '2020-08-09'),
(381, 'david06', 'david_test', 1, 2.7, 'ron', 10, 'ACT/ACT', '2020-08-10', '2020-09-01'),
(382, 'david06', 'david_test', 2, 2.7, 'ron', 11, 'ACT/ACT', '2020-08-10', '2020-09-01');

--
-- Dumping data for table `user`
--

INSERT INTO `user` (`username`, `email`, `first_name`, `last_name`, `password`, `version`) VALUES
('admin', '4', NULL, NULL, '8c6976e5b5410415bde908bd4dee15dfb167a9c873fc4bb8a81f6f2ab448a918', 3),
('Costy', '3', NULL, NULL, '4de339ce6a64d7c807b68dc79df5ea2a1608c6b0c577722c389ef43bedc63f97', 3),
('david06', 'suciudavid6@gmail.com', 'david', 'suciu', '1b6405d1ef5a816105210b20a8f0fc129869a25876e45c0891e4f6d972bf74c2', 5);

--
-- Dumping data for table `user_hist`
--

INSERT INTO `user_hist` (`version`, `username`, `email`, `password`, `first_name`, `last_name`) VALUES
(1, 'david06', 'suciudavid6@gmail.com', '1234', 'david', 'suciu'),
(2, 'david06', 'suciudavid6@gmail.com', '123', 'david', 'suciu'),
(3, 'david06', 'suciudavid6@gmail.com', '12', 'david', 'suciu'),
(0, 'Costy', '', 'MyApp', NULL, NULL),
(0, 'david06', 'suciudavid6@gmail.com', '12', 'david', 'suciu'),
(0, 'Costy', '', 'MyApp', NULL, NULL),
(0, 'admin', '', 'admin', NULL, NULL),
(0, 'admin', '', 'admin', NULL, NULL),
(0, 'david06', 'suciudavid6@gmail.com', '6b51d431df5d7f141cbececcf79edf3d', 'david', 'suciu'),
(0, 'david06', 'suciudavid6@gmail.com', '6b51d431df5d7f141cbececcf79edf3d', 'david', 'suciu'),
(0, 'Costy', '', '4de339ce6a64d7c807b68dc79df5ea2a', NULL, NULL),
(0, 'admin', '', '8c6976e5b5410415bde908bd4dee15df', NULL, NULL),
(5, 'david06', NULL, '1b6405d1ef5a816105210b20a8f0fc12', 'david', 'suciu');
COMMIT;

/*!40101 SET CHARACTER_SET_CLIENT=@OLD_CHARACTER_SET_CLIENT */;
/*!40101 SET CHARACTER_SET_RESULTS=@OLD_CHARACTER_SET_RESULTS */;
/*!40101 SET COLLATION_CONNECTION=@OLD_COLLATION_CONNECTION */;
